kreds,url
Rønnekredsen,/nyheder/politik/folketingsvalg/din-stemmeseddel/R%C3%B8nnekredsen
Aakirkebykredsen,/nyheder/politik/folketingsvalg/din-stemmeseddel/Aakirkebykredsen
Assenskredsen,/nyheder/politik/folketingsvalg/din-stemmeseddel/Assenskredsen
Faaborgkredsen,/nyheder/politik/folketingsvalg/din-stemmeseddel/Faaborgkredsen
Middelfartkredsen,/nyheder/politik/folketingsvalg/din-stemmeseddel/Middelfartkredsen
Nyborgkredsen,/nyheder/politik/folketingsvalg/din-stemmeseddel/Nyborgkredsen
Odense Sydkredsen,/nyheder/politik/folketingsvalg/din-stemmeseddel/Odense%20Sydkredsen
Odense Vestkredsen,/nyheder/politik/folketingsvalg/din-stemmeseddel/Odense%20Vestkredsen
Odense Østkredsen,/nyheder/politik/folketingsvalg/din-stemmeseddel/Odense%20%C3%98stkredsen
Svendborgkredsen,/nyheder/politik/folketingsvalg/din-stemmeseddel/Svendborgkredsen
Ballerupkredsen,/nyheder/politik/folketingsvalg/din-stemmeseddel/Ballerupkredsen
Brøndbykredsen,/nyheder/politik/folketingsvalg/din-stemmeseddel/Br%C3%B8ndbykredsen
Gentoftekredsen,/nyheder/politik/folketingsvalg/din-stemmeseddel/Gentoftekredsen
Gladsaxekredsen,/nyheder/politik/folketingsvalg/din-stemmeseddel/Gladsaxekredsen
Hvidovrekredsen,/nyheder/politik/folketingsvalg/din-stemmeseddel/Hvidovrekredsen
Lyngbykredsen,/nyheder/politik/folketingsvalg/din-stemmeseddel/Lyngbykredsen
Rødovrekredsen,/nyheder/politik/folketingsvalg/din-stemmeseddel/R%C3%B8dovrekredsen
Taastrupkredsen,/nyheder/politik/folketingsvalg/din-stemmeseddel/Taastrupkredsen
Bispebjergkredsen,/nyheder/politik/folketingsvalg/din-stemmeseddel/Bispebjergkredsen
Brønshøjkredsen,/nyheder/politik/folketingsvalg/din-stemmeseddel/Br%C3%B8nsh%C3%B8jkredsen
Falkonerkredsen,/nyheder/politik/folketingsvalg/din-stemmeseddel/Falkonerkredsen
Indre Bykredsen,/nyheder/politik/folketingsvalg/din-stemmeseddel/Indre%20Bykredsen
Nørrebrokredsen,/nyheder/politik/folketingsvalg/din-stemmeseddel/N%C3%B8rrebrokredsen
Slotskredsen,/nyheder/politik/folketingsvalg/din-stemmeseddel/Slotskredsen
Sundbyvesterkredsen,/nyheder/politik/folketingsvalg/din-stemmeseddel/Sundbyvesterkredsen
Sundbyøsterkredsen,/nyheder/politik/folketingsvalg/din-stemmeseddel/Sundby%C3%B8sterkredsen
Tårnbykredsen,/nyheder/politik/folketingsvalg/din-stemmeseddel/T%C3%A5rnbykredsen
Valbykredsen,/nyheder/politik/folketingsvalg/din-stemmeseddel/Valbykredsen
Vesterbrokredsen,/nyheder/politik/folketingsvalg/din-stemmeseddel/Vesterbrokredsen
Østerbrokredsen,/nyheder/politik/folketingsvalg/din-stemmeseddel/%C3%98sterbrokredsen
Brønderslevkredsen,/nyheder/politik/folketingsvalg/din-stemmeseddel/Br%C3%B8nderslevkredsen
Frederikshavnkredsen,/nyheder/politik/folketingsvalg/din-stemmeseddel/Frederikshavnkredsen
Himmerlandkredsen,/nyheder/politik/folketingsvalg/din-stemmeseddel/Himmerlandkredsen
Hjørringkredsen,/nyheder/politik/folketingsvalg/din-stemmeseddel/Hj%C3%B8rringkredsen
Mariagerfjordkredsen,/nyheder/politik/folketingsvalg/din-stemmeseddel/Mariagerfjordkredsen
Thistedkredsen,/nyheder/politik/folketingsvalg/din-stemmeseddel/Thistedkredsen
Aalborg Nordkredsen,/nyheder/politik/folketingsvalg/din-stemmeseddel/Aalborg%20Nordkredsen
Aalborg Vestkredsen,/nyheder/politik/folketingsvalg/din-stemmeseddel/Aalborg%20Vestkredsen
Aalborg Østkredsen,/nyheder/politik/folketingsvalg/din-stemmeseddel/Aalborg%20%C3%98stkredsen
Egedalkredsen,/nyheder/politik/folketingsvalg/din-stemmeseddel/Egedalkredsen
Fredensborgkredsen,/nyheder/politik/folketingsvalg/din-stemmeseddel/Fredensborgkredsen
Frederikssundkredsen,/nyheder/politik/folketingsvalg/din-stemmeseddel/Frederikssundkredsen
Helsingørkredsen,/nyheder/politik/folketingsvalg/din-stemmeseddel/Helsing%C3%B8rkredsen
Hillerødkredsen,/nyheder/politik/folketingsvalg/din-stemmeseddel/Hiller%C3%B8dkredsen
Rudersdalkredsen,/nyheder/politik/folketingsvalg/din-stemmeseddel/Rudersdalkredsen
Faxekredsen,/nyheder/politik/folketingsvalg/din-stemmeseddel/Faxekredsen
Grevekredsen,/nyheder/politik/folketingsvalg/din-stemmeseddel/Grevekredsen
Guldborgsundkredsen,/nyheder/politik/folketingsvalg/din-stemmeseddel/Guldborgsundkredsen
Holbækkredsen,/nyheder/politik/folketingsvalg/din-stemmeseddel/Holb%C3%A6kkredsen
Kalundborgkredsen,/nyheder/politik/folketingsvalg/din-stemmeseddel/Kalundborgkredsen
Køgekredsen,/nyheder/politik/folketingsvalg/din-stemmeseddel/K%C3%B8gekredsen
Lollandkredsen,/nyheder/politik/folketingsvalg/din-stemmeseddel/Lollandkredsen
Næstvedkredsen,/nyheder/politik/folketingsvalg/din-stemmeseddel/N%C3%A6stvedkredsen
Ringstedkredsen,/nyheder/politik/folketingsvalg/din-stemmeseddel/Ringstedkredsen
Roskildekredsen,/nyheder/politik/folketingsvalg/din-stemmeseddel/Roskildekredsen
Slagelsekredsen,/nyheder/politik/folketingsvalg/din-stemmeseddel/Slagelsekredsen
Vordingborgkredsen,/nyheder/politik/folketingsvalg/din-stemmeseddel/Vordingborgkredsen
Esbjerg Bykredsen,/nyheder/politik/folketingsvalg/din-stemmeseddel/Esbjerg%20Bykredsen
Esbjerg Omegnskredsen,/nyheder/politik/folketingsvalg/din-stemmeseddel/Esbjerg%20Omegnskredsen
Fredericiakredsen,/nyheder/politik/folketingsvalg/din-stemmeseddel/Fredericiakredsen
Haderslevkredsen,/nyheder/politik/folketingsvalg/din-stemmeseddel/Haderslevkredsen
Kolding Nordkredsen,/nyheder/politik/folketingsvalg/din-stemmeseddel/Kolding%20Nordkredsen
Kolding Sydkredsen,/nyheder/politik/folketingsvalg/din-stemmeseddel/Kolding%20Sydkredsen
Sønderborgkredsen,/nyheder/politik/folketingsvalg/din-stemmeseddel/S%C3%B8nderborgkredsen
Tønderkredsen,/nyheder/politik/folketingsvalg/din-stemmeseddel/T%C3%B8nderkredsen
Vardekredsen,/nyheder/politik/folketingsvalg/din-stemmeseddel/Vardekredsen
Vejenkredsen,/nyheder/politik/folketingsvalg/din-stemmeseddel/Vejenkredsen
Vejle Nordkredsen,/nyheder/politik/folketingsvalg/din-stemmeseddel/Vejle%20Nordkredsen
Vejle Sydkredsen,/nyheder/politik/folketingsvalg/din-stemmeseddel/Vejle%20Sydkredsen
Aabenraakredsen,/nyheder/politik/folketingsvalg/din-stemmeseddel/Aabenraakredsen
Herning Nordkredsen,/nyheder/politik/folketingsvalg/din-stemmeseddel/Herning%20Nordkredsen
Herning Sydkredsen,/nyheder/politik/folketingsvalg/din-stemmeseddel/Herning%20Sydkredsen
Holstebrokredsen,/nyheder/politik/folketingsvalg/din-stemmeseddel/Holstebrokredsen
Ikastkredsen,/nyheder/politik/folketingsvalg/din-stemmeseddel/Ikastkredsen
Ringkøbingkredsen,/nyheder/politik/folketingsvalg/din-stemmeseddel/Ringk%C3%B8bingkredsen
Silkeborg Nordkredsen,/nyheder/politik/folketingsvalg/din-stemmeseddel/Silkeborg%20Nordkredsen
Silkeborg Sydkredsen,/nyheder/politik/folketingsvalg/din-stemmeseddel/Silkeborg%20Sydkredsen
Skivekredsen,/nyheder/politik/folketingsvalg/din-stemmeseddel/Skivekredsen
Struerkredsen,/nyheder/politik/folketingsvalg/din-stemmeseddel/Struerkredsen
Viborg Vestkredsen,/nyheder/politik/folketingsvalg/din-stemmeseddel/Viborg%20Vestkredsen
Viborg Østkredsen,/nyheder/politik/folketingsvalg/din-stemmeseddel/Viborg%20%C3%98stkredsen
Djurskredsen,/nyheder/politik/folketingsvalg/din-stemmeseddel/Djurskredsen
Favrskovkredsen,/nyheder/politik/folketingsvalg/din-stemmeseddel/Favrskovkredsen
Hedenstedkredsen,/nyheder/politik/folketingsvalg/din-stemmeseddel/Hedenstedkredsen
Horsenskredsen,/nyheder/politik/folketingsvalg/din-stemmeseddel/Horsenskredsen
Randers Nordkredsen,/nyheder/politik/folketingsvalg/din-stemmeseddel/Randers%20Nordkredsen
Randers Sydkredsen,/nyheder/politik/folketingsvalg/din-stemmeseddel/Randers%20Sydkredsen
Skanderborgkredsen,/nyheder/politik/folketingsvalg/din-stemmeseddel/Skanderborgkredsen
Aarhus Nordkredsen,/nyheder/politik/folketingsvalg/din-stemmeseddel/Aarhus%20Nordkredsen
Aarhus Sydkredsen,/nyheder/politik/folketingsvalg/din-stemmeseddel/Aarhus%20Sydkredsen
Aarhus Vestkredsen,/nyheder/politik/folketingsvalg/din-stemmeseddel/Aarhus%20Vestkredsen
Aarhus Østkredsen,/nyheder/politik/folketingsvalg/din-stemmeseddel/Aarhus%20%C3%98stkredsen
,
,
,
,
,
,
,
,
,
,
,
,
,
,
,
,
,
,
,
,
,
,
,
,
,
,
,
,
,
,
,
,
,
,
,
,
,
,
,
,
,
,
,
,
,
,
,
,
,
,
,
,
,
,
,
,
,
,
,
,
,
,
,
,
,
,
,
,
,
,
,
,
,
,
,
,
,
,
,
,
,
,
,
,
,
,
,
,
,
,
,
,
